{
    "primary": "#00e5ff",
    "secondary": "#d500f9",
    "accent": "#00b8d4",
    "error": "#FF5252",
    "info": "#2196F3",
    "success": "#4CAF50",
    "warning": "#FFC107",
    "background": {
        "color": "#0a0a12",
        "image": "img/themes/mainBackground-futuristic.png",
        "size": "cover",
        "position": "center"
    },
    "logo": {
        "src": "logo.svg"
    },
    "sidebar": {
        "active": "#00e5ff",
        "background": {
            "image": "img/themes/sidebarBackground-futuristic.png"
        }
    }
}